lon	lat	color	text	font_size	max_lod	transparent	demand	population
139.7656475	35.6932147	000000	神田美土代町	0	0	1	KM_Office	6072
139.7675230	35.6934640	000000	神田司町二丁目	0	0	1	KM_Office	7681
139.7691890	35.6938560	000000	神田多町二丁目	0	0	1	KM_Office	3056
139.7744060	35.6909796	000000	神田美倉町	0	0	1	KM_Office	1157
139.7742440	35.6913340	000000	神田西福田町	0	0	1	KM_Office	531
139.7738970	35.6924550	000000	神田北乗物町	0	0	1	KM_Office	930
139.7741043	35.6920036	000000	神田紺屋町	0	0	1	KM_Office	2500
139.7734213	35.6936145	000000	神田富山町	0	0	1	KM_Office	1248
139.7736525	35.6944834	000000	神田東松下町	0	0	1	KM_Office	3177
139.7749901	35.6957381	000000	神田岩本町	0	0	1	KM_Office	2242
139.7746461	35.6929901	000000	神田東紺屋町	0	0	1	KM_Office	341
139.7527380	35.6854030	000000	千代田	0	0	1	KM_Office	1485
139.7584660	35.6799440	000000	皇居外苑	0	0	1	KM_Office	100
139.7777980	35.6970480	000000	神田佐久間河岸	0	0	1	KM_Office	1675
139.7756530	35.6980360	000000	神田平河町	0	0	1	KM_Office	493
139.7779070	35.6997040	000000	神田和泉町	0	0	1	KM_Office	9561
139.7752930	35.7003100	000000	神田松永町	0	0	1	KM_Office	3127
139.7561910	35.6738890	000000	日比谷公園	0	0	1	KM_Office	686
139.7434010	35.6813120	000000	隼町	0	0	1	KM_Office	2758
139.7349500	35.6814110	000000	紀尾井町	0	0	1	KM_Office	26275
139.7469880	35.6718250	000000	霞が関三丁目	0	0	1	KM_Office	42582
139.7412280	35.6750500	000000	永田町二丁目	0	0	1	KM_Office	25998
139.7463060	35.6758950	000000	永田町一丁目	0	0	1	KM_Office	8911
139.7504130	35.6755510	000000	霞が関二丁目	0	0	1	KM_Office	24582
139.7525580	35.6739440	000000	霞が関一丁目	0	0	1	KM_Office	27780
139.7541820	35.6708120	000000	内幸町二丁目	0	0	1	KM_Office	14590
139.7581190	35.6708390	000000	内幸町一丁目	0	0	1	KM_Office	17934
139.7628100	35.6738880	000000	有楽町二丁目	0	0	1	KM_Office	6632
139.7605500	35.6744830	000000	有楽町一丁目	0	0	1	KM_Office	33499
139.7634760	35.6769520	000000	丸の内三丁目	0	0	1	KM_Office	29630
139.7634470	35.6800220	000000	丸の内二丁目	0	0	1	KM_Office	65717
139.7672010	35.6815600	000000	丸の内一丁目	0	0	1	KM_Office	103028
139.7680870	35.6863010	000000	大手町二丁目	0	0	1	KM_Office	36810
139.7639290	35.6880690	000000	大手町一丁目	0	0	1	KM_Office	90884
139.7400970	35.6803760	000000	平河町二丁目	0	0	1	KM_Office	13098
139.7399830	35.6825770	000000	平河町一丁目	0	0	1	KM_Office	4295
139.7319360	35.6849110	000000	麹町六丁目	0	0	1	KM_Office	3057
139.7341900	35.6836770	000000	麹町五丁目	0	0	1	KM_Office	8718
139.7366930	35.6836390	000000	麹町四丁目	0	0	1	KM_Office	5764
139.7384340	35.6845120	000000	麹町三丁目	0	0	1	KM_Office	5501
139.7405050	35.6844870	000000	麹町二丁目	0	0	1	KM_Office	5368
139.7429190	35.6844470	000000	麹町一丁目	0	0	1	KM_Office	8031
139.7333990	35.6874930	000000	六番町	0	0	1	KM_Office	4723
139.7339890	35.6896850	000000	五番町	0	0	1	KM_Office	6491
139.7378470	35.6890560	000000	四番町	0	0	1	KM_Office	5143
139.7435910	35.6905570	000000	三番町	0	0	1	KM_Office	9656
139.7361260	35.6861850	000000	二番町	0	0	1	KM_Office	18763
139.7415090	35.6873500	000000	一番町	0	0	1	KM_Office	9197
139.7390470	35.6931550	000000	九段北四丁目	0	0	1	KM_Office	10020
139.7426810	35.6941710	000000	九段北三丁目	0	0	1	KM_Office	1477
139.7463560	35.6952580	000000	九段北二丁目	0	0	1	KM_Office	433
139.7506570	35.6966560	000000	九段北一丁目	0	0	1	KM_Office	12868
139.7386770	35.6912490	000000	九段南四丁目	0	0	1	KM_Office	6339
139.7422930	35.6924310	000000	九段南三丁目	0	0	1	KM_Office	3850
139.7456940	35.6931430	000000	九段南二丁目	0	0	1	KM_Office	6476
139.7532650	35.6939720	000000	九段南一丁目	0	0	1	KM_Office	8771
139.7607220	35.6923240	000000	神田錦町三丁目	0	0	1	KM_Office	16555
139.7630460	35.6919850	000000	神田錦町二丁目	0	0	1	KM_Office	4743
139.7641550	35.6917440	000000	神田錦町一丁目	0	0	1	KM_Office	8425
139.7573460	35.6931710	000000	一ツ橋二丁目	0	0	1	KM_Office	7656
139.7571190	35.6911890	000000	一ツ橋一丁目	0	0	1	KM_Office	7660
139.7516390	35.6915550	000000	北の丸公園	0	0	1	KM_Office	902
139.7658490	35.6985940	000000	神田駿河台四丁目	0	0	1	KM_Office	11111
139.7647210	35.6967320	000000	神田駿河台三丁目	0	0	1	KM_Office	11384
139.7620110	35.7000680	000000	神田駿河台二丁目	0	0	1	KM_Office	14447
139.7624350	35.6980030	000000	神田駿河台一丁目	0	0	1	KM_Office	5721
139.7678380	35.6975190	000000	神田淡路町二丁目	0	0	1	KM_Office	9350
139.7670310	35.6957590	000000	神田淡路町一丁目	0	0	1	KM_Office	2652
139.7624060	35.6954020	000000	神田小川町三丁目	0	0	1	KM_Office	6725
139.7644520	35.6946960	000000	神田小川町二丁目	0	0	1	KM_Office	4932
139.7664120	35.6947240	000000	神田小川町一丁目	0	0	1	KM_Office	4199
139.7698410	35.6962230	000000	神田須田町一丁目	0	0	1	KM_Office	13551
139.7730590	35.6958150	000000	神田須田町二丁目	0	0	1	KM_Office	9293
139.7709760	35.6936130	000000	神田鍛冶町三丁目	0	0	1	KM_Office	3331
139.7720230	35.6925830	000000	鍛冶町二丁目	0	0	1	KM_Office	7003
139.7715400	35.6901980	000000	鍛冶町一丁目	0	0	1	KM_Office	6584
139.7696580	35.6910050	000000	内神田三丁目	0	0	1	KM_Office	5945
139.7680270	35.6906010	000000	内神田二丁目	0	0	1	KM_Office	10668
139.7656040	35.6905800	000000	内神田一丁目	0	0	1	KM_Office	8955
139.7769310	35.6956360	000000	岩本町三丁目	0	0	1	KM_Office	10550
139.7769330	35.6935260	000000	岩本町二丁目	0	0	1	KM_Office	9827
139.7776350	35.6923460	000000	岩本町一丁目	0	0	1	KM_Office	5358
139.7813650	35.6973640	000000	東神田三丁目	0	0	1	KM_Office	1004
139.7801460	35.6961890	000000	東神田二丁目	0	0	1	KM_Office	5803
139.7804970	35.6943280	000000	東神田一丁目	0	0	1	KM_Office	2770
139.7709710	35.7040660	000000	外神田六丁目	0	0	1	KM_Office	4983
139.7723660	35.7040210	000000	外神田五丁目	0	0	1	KM_Office	2272
139.7723700	35.7014300	000000	外神田四丁目	0	0	1	KM_Office	17225
139.7704960	35.7012750	000000	外神田三丁目	0	0	1	KM_Office	8429
139.7685520	35.7006750	000000	外神田二丁目	0	0	1	KM_Office	13180
139.7708850	35.6984060	000000	外神田一丁目	0	0	1	KM_Office	22009
139.7739710	35.6988020	000000	神田花岡町	0	0	1	KM_Office	1104
139.7736020	35.6995240	000000	神田相生町	0	0	1	KM_Office	917
139.7740370	35.7007100	000000	神田練塀町	0	0	1	KM_Office	20875
139.7798370	35.6976580	000000	神田佐久間町四丁目	0	0	1	KM_Office	786
139.7779360	35.6979830	000000	神田佐久間町三丁目	0	0	1	KM_Office	3249
139.7763680	35.6980090	000000	神田佐久間町二丁目	0	0	1	KM_Office	3949
139.7742220	35.6979790	000000	神田佐久間町一丁目	0	0	1	KM_Office	3549
139.7430570	35.6981260	000000	富士見二丁目	0	0	1	KM_Office	17127
139.7469780	35.6978710	000000	富士見一丁目	0	0	1	KM_Office	3701
139.7467080	35.7008870	000000	飯田橋四丁目	0	0	1	KM_Office	4773
139.7486280	35.7013920	000000	飯田橋三丁目	0	0	1	KM_Office	14965
139.7505640	35.6992060	000000	飯田橋二丁目	0	0	1	KM_Office	8376
139.7494140	35.6984700	000000	飯田橋一丁目	0	0	1	KM_Office	4167
139.7522630	35.7005420	000000	神田三崎町三丁目	0	0	1	KM_Office	5486
139.7543530	35.7007600	000000	神田三崎町二丁目	0	0	1	KM_Office	9241
139.7564310	35.7006000	000000	神田三崎町一丁目	0	0	1	KM_Office	2793
139.7533190	35.6980210	000000	西神田三丁目	0	0	1	KM_Office	4383
139.7552670	35.6988020	000000	西神田二丁目	0	0	1	KM_Office	1512
139.7571500	35.6994100	000000	西神田一丁目	0	0	1	KM_Office	1770
139.7584850	35.6999845	000000	神田猿楽町二丁目	0	0	1	KM_Office	6964
139.7599554	35.6981650	000000	神田猿楽町一丁目	0	0	1	KM_Office	2401
139.7542750	35.6953650	000000	神田神保町三丁目	0	0	1	KM_Office	6453
139.7564540	35.6966370	000000	神田神保町二丁目	0	0	1	KM_Office	10001
139.7590730	35.6964910	000000	神田神保町一丁目	0	0	1	KM_Office	13658
